Id,Category
0,4
1,0
2,0
3,2
4,6
5,4
6,3
7,9
8,0
9,1
10,6
11,3
12,1
13,0
14,0
15,3
16,0
17,8
18,7
19,0
20,4
21,1
22,9
23,4
24,9
25,7
26,7
27,4
28,4
29,2
30,7
31,4
32,6
33,2
34,7
35,4
36,2
37,4
38,1
39,7
40,2
41,3
42,7
43,5
44,0
45,5
46,9
47,0
48,9
49,0
50,6
51,0
52,9
53,7
54,9
55,8
56,4
57,3
58,4
59,0
60,9
61,3
62,4
63,8
64,8
65,8
66,1
67,2
68,6
69,7
70,9
71,6
72,9
73,4
74,0
75,9
76,6
77,6
78,7
79,8
80,8
81,5
82,1
83,7
84,0
85,7
86,4
87,5
88,3
89,7
90,0
91,7
92,4
93,7
94,9
95,8
96,4
97,3
98,0
99,5
100,1
101,9
102,0
103,8
104,0
105,8
106,7
107,1
108,8
109,6
110,0
111,4
112,4
113,1
114,8
115,9
116,4
117,9
118,3
119,7
120,4
121,2
122,0
123,6
124,8
125,4
126,4
127,7
128,5
129,4
130,3
131,7
132,4
133,7
134,7
135,0
136,9
137,4
138,1
139,3
140,6
141,9
142,6
143,9
144,4
145,1
146,0
147,2
148,3
149,3
150,7
151,6
152,8
153,9
154,4
155,4
156,9
157,4
158,7
159,6
160,7
161,7
162,7
163,4
164,9
165,1
166,7
167,1
168,7
169,8
170,8
171,4
172,7
173,9
174,4
175,6
176,7
177,7
178,6
179,6
180,6
181,3
182,2
183,5
184,5
185,0
186,8
187,7
188,8
189,2
190,9
191,0
192,3
193,3
194,4
195,1
196,0
197,7
198,2
199,4
200,3
201,1
202,1
203,0
204,1
205,4
206,7
207,7
208,9
209,1
210,9
211,7
212,9
213,9
214,2
215,4
216,2
217,6
218,4
219,7
220,5
221,0
222,9
223,4
224,5
225,4
226,7
227,7
228,7
229,0
230,9
231,6
232,0
233,0
234,7
235,0
236,9
237,9
238,3
239,8
240,5
241,5
242,4
243,0
244,9
245,9
246,0
247,7
248,3
249,4
250,3
251,1
252,2
253,7
254,4
255,9
256,7
257,9
258,5
259,7
260,9
261,4
262,8
263,2
264,1
265,4
266,7
267,4
268,7
269,7
270,8
271,8
272,1
273,1
274,9
275,7
276,6
277,6
278,9
279,6
280,4
281,7
282,7
283,6
284,2
285,3
286,0
287,3
288,8
289,3
290,4
291,6
292,4
293,3
294,0
295,4
296,7
297,0
298,4
299,8
300,4
301,9
302,1
303,2
304,2
305,7
306,8
307,6
308,4
309,7
310,9
311,4
312,4
313,5
314,4
315,4
316,7
317,0
318,4
319,7
320,0
321,6
322,2
323,5
324,8
325,7
326,7
327,0
328,7
329,9
330,4
331,4
332,7
333,8
334,6
335,7
336,7
337,1
338,2
339,8
340,0
341,9
342,0
343,4
344,4
345,1
346,5
347,7
348,4
349,8
350,9
351,0
352,4
353,3
354,1
355,0
356,6
357,9
358,0
359,7
360,7
361,7
362,7
363,1
364,4
365,8
366,1
367,6
368,9
369,9
370,4
371,1
372,7
373,8
374,5
375,7
376,4
377,3
378,7
379,9
380,3
381,9
382,5
383,0
384,0
385,2
386,9
387,5
388,9
389,7
390,3
391,7
392,9
393,9
394,7
395,9
396,8
397,5
398,0
399,9
400,7
401,1
402,6
403,9
404,9
405,3
406,9
407,0
408,3
409,7
410,4
411,4
412,0
413,5
414,2
415,4
416,1
417,4
418,2
419,2
420,4
421,1
422,6
423,7
424,5
425,7
426,4
427,7
428,3
429,8
430,7
431,8
432,3
433,8
434,4
435,0
436,6
437,2
438,7
439,7
440,7
441,8
442,8
443,8
444,7
445,4
446,3
447,7
448,8
449,8
450,7
451,8
452,4
453,1
454,7
455,4
456,8
457,8
458,1
459,8
460,7
461,4
462,8
463,9
464,1
465,7
466,6
467,6
468,7
469,4
470,1
471,0
472,9
473,0
474,0
475,4
476,7
477,9
478,2
479,9
480,4
481,6
482,3
483,6
484,5
485,4
486,1
487,1
488,9
489,3
490,8
491,8
492,5
493,4
494,5
495,8
496,7
497,8
498,6
499,7
500,7
501,9
502,8
503,7
504,4
505,0
506,7
507,5
508,6
509,2
510,7
511,4
512,4
513,3
514,9
515,9
516,3
517,7
518,5
519,6
520,0
521,3
522,4
523,9
524,0
525,7
526,9
527,8
528,0
529,8
530,6
531,6
532,5
533,3
534,8
535,8
536,9
537,1
538,8
539,9
540,7
541,7
542,6
543,7
544,7
545,9
546,0
547,8
548,1
549,8
550,7
551,7
552,0
553,4
554,7
555,0
556,5
557,5
558,6
559,0
560,1
561,3
562,4
563,3
564,1
565,7
566,9
567,0
568,2
569,9
570,3
571,9
572,5
573,4
574,9
575,9
576,5
577,0
578,4
579,0
580,7
581,6
582,6
583,6
584,8
585,4
586,9
587,7
588,9
589,0
590,7
591,0
592,3
593,8
594,9
595,7
596,7
597,7
598,2
599,7
600,9
601,6
602,0
603,7
604,9
605,5
606,0
607,7
608,0
609,9
610,2
611,4
612,0
613,2
614,4
615,7
616,7
617,7
618,8
619,4
620,5
621,1
622,8
623,3
624,0
625,3
626,8
627,0
628,1
629,8
630,4
631,7
632,0
633,4
634,6
635,7
636,7
637,4
638,0
639,6
640,1
641,9
642,7
643,7
644,7
645,7
646,1
647,7
648,7
649,8
650,5
651,3
652,2
653,1
654,9
655,3
656,4
657,7
658,0
659,0
660,4
661,4
662,5
663,8
664,3
665,9
666,0
667,8
668,8
669,4
670,1
671,2
672,9
673,2
674,5
675,9
676,0
677,0
678,1
679,0
680,5
681,0
682,9
683,3
684,7
685,2
686,0
687,4
688,4
689,7
690,3
691,2
692,3
693,3
694,0
695,8
696,2
697,5
698,4
699,5
700,7
701,8
702,8
703,5
704,2
705,8
706,4
707,1
708,5
709,7
710,2
711,9
712,2
713,9
714,8
715,6
716,0
717,8
718,4
719,7
720,7
721,9
722,9
723,9
724,4
725,2
726,1
727,8
728,8
729,7
730,7
731,6
732,0
733,8
734,7
735,8
736,7
737,7
738,7
739,5
740,8
741,7
742,9
743,4
744,1
745,6
746,7
747,3
748,4
749,4
750,6
751,8
752,4
753,8
754,7
755,4
756,6
757,5
758,0
759,2
760,4
761,3
762,2
763,2
764,7
765,7
766,0
767,8
768,9
769,2
770,5
771,9
772,7
773,0
774,8
775,4
776,7
777,7
778,4
779,7
780,8
781,9
782,6
783,9
784,8
785,8
786,1
787,0
788,9
789,0
790,2
791,9
792,4
793,1
794,2
795,7
796,8
797,9
798,7
799,4
800,8
801,5
802,0
803,6
804,6
805,5
806,4
807,8
808,7
809,7
810,4
811,7
812,6
813,0
814,4
815,4
816,4
817,5
818,9
819,8
820,9
821,0
822,9
823,9
824,0
825,6
826,9
827,8
828,3
829,2
830,2
831,5
832,4
833,3
834,7
835,7
836,9
837,7
838,7
839,7
840,8
841,8
842,7
843,9
844,5
845,7
846,9
847,8
848,3
849,0
850,0
851,5
852,8
853,9
854,4
855,0
856,8
857,8
858,9
859,1
860,9
861,0
862,3
863,2
864,8
865,7
866,2
867,7
868,9
869,0
870,7
871,0
872,8
873,2
874,9
875,0
876,5
877,9
878,2
879,1
880,7
881,7
882,9
883,1
884,9
885,8
886,7
887,1
888,2
889,7
890,8
891,9
892,7
893,6
894,8
895,0
896,9
897,6
898,4
899,4
900,7
901,7
902,7
903,9
904,7
905,0
906,7
907,2
908,8
909,7
910,3
911,4
912,7
913,1
914,9
915,4
916,2
917,6
918,8
919,0
920,0
921,2
922,1
923,7
924,1
925,4
926,6
927,0
928,6
929,9
930,1
931,5
932,8
933,8
934,3
935,4
936,9
937,9
938,5
939,0
940,7
941,9
942,2
943,0
944,2
945,6
946,0
947,4
948,7
949,8
950,1
951,9
952,7
953,0
954,5
955,7
956,8
957,4
958,9
959,4
960,9
961,0
962,9
963,7
964,5
965,7
966,2
967,9
968,6
969,1
970,5
971,2
972,6
973,8
974,9
975,9
976,8
977,4
978,5
979,6
980,5
981,2
982,7
983,2
984,3
985,8
986,4
987,3
988,6
989,7
990,3
991,1
992,7
993,0
994,7
995,7
996,7
997,8
998,4
999,0
1000,4
1001,9
1002,2
1003,2
1004,3
1005,9
1006,9
1007,3
1008,4
1009,7
1010,5
1011,1
1012,8
1013,7
1014,4
1015,3
1016,0
1017,7
1018,0
1019,4
1020,6
1021,7
1022,1
1023,5
1024,5
1025,7
1026,7
1027,0
1028,7
1029,7
1030,7
1031,7
1032,9
1033,5
1034,6
1035,7
1036,4
1037,7
1038,4
1039,7
1040,8
1041,3
1042,9
1043,5
1044,3
1045,1
1046,0
1047,4
1048,4
1049,6
1050,6
1051,0
1052,7
1053,7
1054,0
1055,4
1056,1
1057,0
1058,8
1059,7
1060,6
1061,4
1062,4
1063,6
1064,4
1065,4
1066,6
1067,4
1068,8
1069,3
1070,0
1071,5
1072,7
1073,3
1074,1
1075,3
1076,4
1077,3
1078,7
1079,7
1080,1
1081,4
1082,7
1083,1
1084,3
1085,6
1086,8
1087,1
1088,6
1089,0
1090,9
1091,7
1092,0
1093,8
1094,8
1095,9
1096,8
1097,4
1098,7
1099,2
1100,7
1101,9
1102,7
1103,7
1104,4
1105,4
1106,6
1107,0
1108,6
1109,0
1110,6
1111,9
1112,4
1113,1
1114,8
1115,9
1116,4
1117,7
1118,6
1119,2
1120,7
1121,2
1122,9
1123,9
1124,7
1125,3
1126,1
1127,7
1128,7
1129,0
1130,0
1131,5
1132,0
1133,0
1134,2
1135,9
1136,3
1137,4
1138,7
1139,7
1140,8
1141,9
1142,1
1143,0
1144,6
1145,9
1146,7
1147,2
1148,3
1149,3
1150,0
1151,4
1152,8
1153,7
1154,7
1155,7
1156,8
1157,8
1158,4
1159,3
1160,4
1161,9
1162,6
1163,4
1164,4
1165,7
1166,8
1167,2
1168,4
1169,7
1170,4
1171,4
1172,0
1173,4
1174,9
1175,6
1176,4
1177,2
1178,1
1179,5
1180,0
1181,5
1182,8
1183,8
1184,7
1185,7
1186,5
1187,8
1188,6
1189,0
1190,4
1191,7
1192,3
1193,9
1194,2
1195,7
1196,6
1197,7
1198,9
1199,7
1200,4
1201,7
1202,0
1203,9
1204,7
1205,0
1206,6
1207,0
1208,7
1209,9
1210,4
1211,4
1212,5
1213,3
1214,7
1215,2
1216,3
1217,7
1218,9
1219,5
1220,4
1221,2
1222,4
1223,4
1224,8
1225,6
1226,6
1227,6
1228,8
1229,4
1230,7
1231,2
1232,8
1233,2
1234,4
1235,0
1236,9
1237,1
1238,3
1239,9
1240,4
1241,2
1242,1
1243,7
1244,7
1245,9
1246,6
1247,2
1248,7
1249,0
1250,6
1251,7
1252,0
1253,7
1254,6
1255,7
1256,9
1257,9
1258,4
1259,7
1260,9
1261,6
1262,4
1263,2
1264,7
1265,1
1266,6
1267,4
1268,4
1269,1
1270,1
1271,4
1272,3
1273,7
1274,6
1275,7
1276,7
1277,6
1278,2
1279,0
1280,9
1281,2
1282,7
1283,8
1284,9
1285,3
1286,4
1287,4
1288,6
1289,5
1290,6
1291,2
1292,4
1293,8
1294,9
1295,4
1296,7
1297,8
1298,9
1299,6
1300,8
1301,7
1302,5
1303,7
1304,7
1305,7
1306,7
1307,9
1308,0
1309,8
1310,9
1311,3
1312,9
1313,4
1314,6
1315,9
1316,4
1317,4
1318,0
1319,5
1320,2
1321,4
1322,7
1323,4
1324,0
1325,4
1326,1
1327,7
1328,9
1329,4
1330,4
1331,9
1332,4
1333,8
1334,0
1335,0
1336,4
1337,7
1338,7
1339,3
1340,4
1341,6
1342,8
1343,9
1344,4
1345,0
1346,4
1347,4
1348,0
1349,8
1350,2
1351,3
1352,4
1353,7
1354,9
1355,9
1356,6
1357,9
1358,4
1359,4
1360,4
1361,2
1362,0
1363,3
1364,8
1365,4
1366,7
1367,6
1368,1
1369,4
1370,0
1371,5
1372,5
1373,5
1374,4
1375,3
1376,2
1377,5
1378,5
1379,8
1380,5
1381,4
1382,9
1383,6
1384,4
1385,8
1386,0
1387,8
1388,4
1389,2
1390,8
1391,4
1392,9
1393,9
1394,7
1395,2
1396,2
1397,7
1398,1
1399,9
1400,7
1401,4
1402,5
1403,6
1404,0
1405,7
1406,7
1407,2
1408,7
1409,7
1410,8
1411,4
1412,4
1413,5
1414,9
1415,1
1416,9
1417,8
1418,9
1419,3
1420,0
1421,6
1422,3
1423,9
1424,7
1425,9
1426,5
1427,7
1428,9
1429,7
1430,9
1431,1
1432,3
1433,2
1434,2
1435,4
1436,2
1437,9
1438,6
1439,3
1440,6
1441,5
1442,3
1443,1
1444,7
1445,2
1446,9
1447,4
1448,0
1449,5
1450,8
1451,7
1452,0
1453,5
1454,8
1455,8
1456,0
1457,0
1458,8
1459,7
1460,5
1461,8
1462,5
1463,8
1464,7
1465,6
1466,4
1467,3
1468,2
1469,2
1470,0
1471,5
1472,9
1473,6
1474,9
1475,7
1476,4
1477,6
1478,4
1479,9
1480,2
1481,3
1482,5
1483,0
1484,2
1485,7
1486,7
1487,5
1488,9
1489,7
1490,8
1491,8
1492,0
1493,7
1494,1
1495,6
1496,0
1497,0
1498,4
1499,2
1500,4
1501,5
1502,9
1503,0
1504,7
1505,7
1506,9
1507,9
1508,9
1509,0
1510,4
1511,8
1512,3
1513,9
1514,7
1515,2
1516,4
1517,0
1518,4
1519,0
1520,4
1521,1
1522,4
1523,8
1524,2
1525,2
1526,2
1527,1
1528,3
1529,2
1530,7
1531,5
1532,7
1533,3
1534,7
1535,1
1536,8
1537,5
1538,5
1539,0
1540,4
1541,3
1542,0
1543,9
1544,1
1545,6
1546,8
1547,0
1548,7
1549,8
1550,8
1551,7
1552,2
1553,3
1554,1
1555,4
1556,7
1557,4
1558,9
1559,6
1560,3
1561,2
1562,3
1563,4
1564,6
1565,2
1566,4
1567,6
1568,7
1569,8
1570,8
1571,8
1572,8
1573,7
1574,2
1575,8
1576,3
1577,4
1578,9
1579,6
1580,2
1581,1
1582,0
1583,2
1584,8
1585,9
1586,4
1587,3
1588,8
1589,4
1590,6
1591,0
1592,9
1593,8
1594,9
1595,7
1596,4
1597,6
1598,7
1599,8
1600,6
1601,0
1602,3
1603,6
1604,7
1605,7
1606,6
1607,4
1608,7
1609,6
1610,7
1611,5
1612,2
1613,4
1614,7
1615,9
1616,3
1617,1
1618,6
1619,6
1620,7
1621,4
1622,0
1623,8
1624,1
1625,8
1626,6
1627,0
1628,0
1629,9
1630,3
1631,0
1632,7
1633,7
1634,4
1635,5
1636,4
1637,7
1638,9
1639,5
1640,6
1641,0
1642,4
1643,2
1644,4
1645,4
1646,8
1647,7
1648,4
1649,4
1650,1
1651,7
1652,7
1653,9
1654,6
1655,5
1656,2
1657,9
1658,0
1659,8
1660,4
1661,2
1662,0
1663,2
1664,3
1665,9
1666,0
1667,7
1668,4
1669,9
1670,4
1671,7
1672,5
1673,7
1674,6
1675,7
1676,8
1677,8
1678,4
1679,5
1680,8
1681,1
1682,7
1683,8
1684,1
1685,9
1686,7
1687,7
1688,0
1689,7
1690,2
1691,7
1692,8
1693,6
1694,3
1695,4
1696,0
1697,6
1698,2
1699,9
1700,7
1701,9
1702,1
1703,4
1704,7
1705,2
1706,2
1707,4
1708,9
1709,8
1710,7
1711,6
1712,4
1713,1
1714,7
1715,2
1716,9
1717,4
1718,9
1719,9
1720,9
1721,6
1722,0
1723,7
1724,8
1725,6
1726,2
1727,9
1728,6
1729,6
1730,8
1731,3
1732,2
1733,5
1734,0
1735,7
1736,9
1737,2
1738,2
1739,0
1740,0
1741,7
1742,8
1743,5
1744,4
1745,9
1746,4
1747,6
1748,0
1749,4
1750,2
1751,8
1752,1
1753,4
1754,1
1755,6
1756,7
1757,0
1758,9
1759,6
1760,2
1761,4
1762,0
1763,4
1764,0
1765,7
1766,0
1767,6
1768,5
1769,3
1770,0
1771,7
1772,3
1773,0
1774,9
1775,4
1776,3
1777,7
1778,4
1779,8
1780,4
1781,7
1782,9
1783,4
1784,3
1785,7
1786,2
1787,4
1788,7
1789,1
1790,1
1791,0
1792,7
1793,8
1794,3
1795,7
1796,7
1797,0
1798,0
1799,7
1800,7
1801,9
1802,0
1803,7
1804,1
1805,6
1806,1
1807,5
1808,3
1809,7
1810,9
1811,6
1812,0
1813,3
1814,7
1815,8
1816,4
1817,6
1818,7
1819,8
1820,3
1821,7
1822,5
1823,0
1824,8
1825,4
1826,7
1827,9
1828,2
1829,7
1830,7
1831,1
1832,0
1833,5
1834,1
1835,1
1836,4
1837,4
1838,2
1839,9
1840,9
1841,9
1842,7
1843,2
1844,0
1845,3
1846,4
1847,5
1848,3
1849,0
1850,8
1851,8
1852,7
1853,6
1854,7
1855,6
1856,7
1857,0
1858,8
1859,4
1860,7
1861,7
1862,4
1863,9
1864,2
1865,5
1866,2
1867,4
1868,4
1869,5
1870,3
1871,7
1872,9
1873,9
1874,2
1875,7
1876,9
1877,9
1878,4
1879,9
1880,9
1881,5
1882,3
1883,9
1884,5
1885,6
1886,5
1887,6
1888,7
1889,0
1890,8
1891,7
1892,7
1893,7
1894,8
1895,5
1896,3
1897,4
1898,7
1899,4
1900,7
1901,6
1902,7
1903,0
1904,6
1905,7
1906,8
1907,7
1908,8
1909,6
1910,3
1911,5
1912,7
1913,9
1914,9
1915,4
1916,9
1917,6
1918,6
1919,4
1920,4
1921,0
1922,8
1923,9
1924,5
1925,7
1926,4
1927,3
1928,0
1929,7
1930,5
1931,4
1932,3
1933,7
1934,1
1935,0
1936,6
1937,7
1938,4
1939,3
1940,6
1941,1
1942,8
1943,4
1944,8
1945,6
1946,6
1947,4
1948,6
1949,2
1950,1
1951,2
1952,4
1953,0
1954,9
1955,8
1956,7
1957,7
1958,3
1959,1
1960,3
1961,9
1962,8
1963,6
1964,6
1965,4
1966,6
1967,4
1968,4
1969,7
1970,3
1971,5
1972,7
1973,0
1974,7
1975,7
1976,7
1977,0
1978,8
1979,7
1980,4
1981,8
1982,7
1983,3
1984,4
1985,7
1986,4
1987,2
1988,9
1989,7
1990,0
1991,5
1992,7
1993,7
1994,9
1995,9
1996,4
1997,6
1998,8
1999,0
2000,2
2001,9
2002,0
2003,4
2004,2
2005,0
2006,6
2007,4
2008,1
2009,7
2010,8
2011,5
2012,9
2013,5
2014,7
2015,2
2016,9
2017,7
2018,8
2019,1
2020,4
2021,0
2022,9
2023,4
2024,8
2025,7
2026,1
2027,4
2028,8
2029,3
2030,6
2031,4
2032,4
2033,3
2034,0
2035,7
2036,0
2037,6
2038,7
2039,6
2040,4
2041,4
2042,0
2043,7
2044,4
2045,6
2046,7
2047,7
2048,0
2049,8
2050,9
2051,2
2052,2
2053,2
2054,0
2055,1
2056,9
2057,3
2058,4
2059,6
2060,7
2061,0
2062,7
2063,8
2064,3
2065,4
2066,3
2067,4
2068,0
2069,8
2070,6
2071,0
2072,7
2073,2
2074,7
2075,6
2076,7
2077,6
2078,4
2079,0
2080,4
2081,2
2082,7
2083,5
2084,8
2085,9
2086,0
2087,9
2088,7
2089,7
2090,4
2091,8
2092,1
2093,1
2094,9
2095,8
2096,5
2097,8
2098,7
2099,4
2100,7
2101,2
2102,4
2103,1
2104,0
2105,6
2106,1
2107,6
2108,0
2109,1
2110,3
2111,8
2112,4
2113,3
2114,6
2115,9
2116,9
2117,3
2118,1
2119,7
2120,8
2121,3
2122,6
2123,8
2124,0
2125,2
2126,7
2127,0
2128,4
2129,5
2130,0
2131,9
2132,7
2133,7
2134,1
2135,1
2136,7
2137,9
2138,7
2139,9
2140,9
2141,2
2142,1
2143,6
2144,1
2145,0
2146,9
2147,0
2148,7
2149,4
2150,1
2151,6
2152,7
2153,0
2154,1
2155,8
2156,8
2157,9
2158,4
2159,3
2160,7
2161,7
2162,0
2163,4
2164,3
2165,1
2166,7
2167,1
2168,4
2169,0
2170,1
2171,3
2172,7
2173,4
2174,4
2175,9
2176,6
2177,0
2178,6
2179,9
2180,7
2181,9
2182,8
2183,6
2184,5
2185,2
2186,7
2187,8
2188,8
2189,8
2190,2
2191,3
2192,0
2193,1
2194,5
2195,7
2196,9
2197,3
2198,7
2199,7
2200,4
2201,8
2202,0
2203,6
2204,3
2205,9
2206,1
2207,2
2208,9
2209,1
2210,2
2211,7
2212,3
2213,3
2214,1
2215,8
2216,9
2217,5
2218,0
2219,0
2220,2
2221,9
2222,1
2223,5
2224,7
2225,8
2226,0
2227,1
2228,1
2229,0
2230,1
2231,9
2232,7
2233,0
2234,2
2235,7
2236,0
2237,7
2238,1
2239,0
2240,9
2241,3
2242,9
2243,9
2244,5
2245,5
2246,2
2247,8
2248,1
2249,9
2250,9
2251,3
2252,7
2253,3
2254,2
2255,2
2256,0
2257,7
2258,7
2259,7
2260,9
2261,2
2262,0
2263,9
2264,9
2265,3
2266,7
2267,4
2268,3
2269,8
2270,0
2271,0
2272,7
2273,7
2274,0
2275,7
2276,2
2277,4
2278,8
2279,4
2280,1
2281,8
2282,8
2283,6
2284,2
2285,9
2286,3
2287,9
2288,0
2289,4
2290,9
2291,9
2292,8
2293,9
2294,5
2295,5
2296,6
2297,3
2298,9
2299,3
2300,5
2301,4
2302,7
2303,3
2304,7
2305,7
2306,7
2307,0
2308,8
2309,5
2310,3
2311,0
2312,9
2313,2
2314,5
2315,6
2316,5
2317,0
2318,3
2319,0
2320,6
2321,4
2322,5
2323,4
2324,8
2325,7
2326,7
2327,0
2328,4
2329,2
2330,4
2331,7
2332,6
2333,9
2334,7
2335,3
2336,8
2337,2
2338,1
2339,9
2340,5
2341,7
2342,7
2343,8
2344,2
2345,7
2346,7
2347,8
2348,9
2349,9
2350,6
2351,1
2352,9
2353,2
2354,8
2355,9
2356,3
2357,8
2358,5
2359,1
2360,6
2361,7
2362,5
2363,7
2364,0
2365,7
2366,7
2367,8
2368,7
2369,4
2370,5
2371,8
2372,0
2373,4
2374,6
2375,8
2376,8
2377,4
2378,4
2379,6
2380,3
2381,1
2382,0
2383,9
2384,2
2385,0
2386,9
2387,6
2388,1
2389,7
2390,8
2391,8
2392,4
2393,2
2394,2
2395,7
2396,2
2397,1
2398,0
2399,4
2400,5
2401,4
2402,7
2403,4
2404,5
2405,7
2406,2
2407,8
2408,8
2409,4
2410,7
2411,8
2412,9
2413,4
2414,1
2415,0
2416,4
2417,7
2418,2
2419,5
2420,5
2421,7
2422,4
2423,4
2424,7
2425,7
2426,7
2427,7
2428,7
2429,0
2430,5
2431,2
2432,0
2433,9
2434,0
2435,9
2436,6
2437,3
2438,0
2439,9
2440,7
2441,2
2442,0
2443,9
2444,4
2445,3
2446,8
2447,4
2448,8
2449,8
2450,4
2451,9
2452,5
2453,3
2454,9
2455,9
2456,3
2457,3
2458,9
2459,1
2460,4
2461,4
2462,8
2463,8
2464,0
2465,4
2466,5
2467,5
2468,3
2469,9
2470,4
2471,7
2472,9
2473,8
2474,7
2475,3
2476,1
2477,6
2478,4
2479,8
2480,0
2481,7
2482,3
2483,7
2484,4
2485,4
2486,0
2487,4
2488,3
2489,0
2490,9
2491,3
2492,0
2493,0
2494,6
2495,2
2496,6
2497,9
2498,6
2499,8
2500,3
2501,2
2502,0
2503,7
2504,8
2505,5
2506,7
2507,7
2508,2
2509,3
2510,0
2511,7
2512,4
2513,4
2514,5
2515,7
2516,2
2517,4
2518,7
2519,7
2520,7
2521,7
2522,4
2523,0
2524,0
2525,1
2526,9
2527,3
2528,5
2529,7
2530,5
2531,6
2532,3
2533,7
2534,6
2535,8
2536,7
2537,7
2538,7
2539,7
2540,6
2541,0
2542,0
2543,7
2544,5
2545,7
2546,2
2547,8
2548,9
2549,6
2550,7
2551,9
2552,4
2553,9
2554,6
2555,9
2556,3
2557,4
2558,8
2559,4
2560,7
2561,4
2562,2
2563,2
2564,8
2565,8
2566,6
2567,3
2568,4
2569,7
2570,2
2571,2
2572,8
2573,7
2574,9
2575,2
2576,7
2577,4
2578,6
2579,4
2580,7
2581,6
2582,6
2583,1
2584,6
2585,7
2586,9
2587,6
2588,5
2589,1
2590,4
2591,3
2592,4
2593,1
2594,4
2595,0
2596,4
2597,0
2598,1
2599,6
2600,9
2601,2
2602,0
2603,7
2604,0
2605,2
2606,3
2607,5
2608,4
2609,4
2610,6
2611,6
2612,7
2613,0
2614,9
2615,7
2616,3
2617,6
2618,7
2619,1
2620,7
2621,6
2622,9
2623,3
2624,2
2625,9
2626,1
2627,2
2628,8
2629,7
2630,9
2631,4
2632,6
2633,2
2634,7
2635,8
2636,6
2637,4
2638,2
2639,2
2640,7
2641,8
2642,5
2643,1
2644,0
2645,1
2646,9
2647,7
2648,0
2649,9
2650,0
2651,1
2652,9
2653,6
2654,1
2655,9
2656,7
2657,5
2658,0
2659,1
2660,6
2661,6
2662,7
2663,7
2664,9
2665,8
2666,4
2667,7
2668,2
2669,6
2670,7
2671,0
2672,6
2673,8
2674,4
2675,6
2676,7
2677,7
2678,4
2679,4
2680,0
2681,5
2682,9
2683,3
2684,9
2685,0
2686,7
2687,8
2688,6
2689,1
2690,9
2691,9
2692,7
2693,0
2694,2
2695,7
2696,6
2697,2
2698,4
2699,2
2700,7
2701,7
2702,3
2703,1
2704,9
2705,1
2706,9
2707,4
2708,7
2709,2
2710,7
2711,2
2712,7
2713,7
2714,6
2715,6
2716,3
2717,9
2718,7
2719,9
2720,8
2721,9
2722,4
2723,7
2724,5
2725,8
2726,6
2727,2
2728,0
2729,8
2730,7
2731,6
2732,4
2733,7
2734,6
2735,8
2736,3
2737,4
2738,6
2739,8
2740,7
2741,0
2742,3
2743,2
2744,0
2745,1
2746,7
2747,0
2748,3
2749,7
2750,6
2751,0
2752,0
2753,8
2754,0
2755,7
2756,8
2757,8
2758,0
2759,0
2760,9
2761,3
2762,6
2763,9
2764,6
2765,7
2766,0
2767,2
2768,9
2769,0
2770,7
2771,6
2772,0
2773,7
2774,6
2775,1
2776,8
2777,6
2778,5
2779,1
2780,6
2781,9
2782,4
2783,7
2784,4
2785,4
2786,4
2787,0
2788,7
2789,7
2790,0
2791,4
2792,7
2793,7
2794,2
2795,6
2796,9
2797,9
2798,9
2799,7
2800,7
2801,8
2802,8
2803,1
2804,0
2805,1
2806,6
2807,1
2808,2
2809,0
2810,0
2811,0
2812,9
2813,5
2814,7
2815,9
2816,3
2817,5
2818,7
2819,8
2820,1
2821,4
2822,1
2823,2
2824,3
2825,4
2826,6
2827,1
2828,7
2829,9
2830,6
2831,9
2832,9
2833,7
2834,6
2835,1
2836,1
2837,0
2838,9
2839,7
2840,0
2841,4
2842,4
2843,1
2844,9
2845,9
2846,5
2847,5
2848,0
2849,3
2850,9
2851,9
2852,7
2853,4
2854,7
2855,0
2856,3
2857,7
2858,4
2859,3
2860,0
2861,8
2862,9
2863,3
2864,1
2865,3
2866,9
2867,3
2868,4
2869,1
2870,0
2871,8
2872,9
2873,1
2874,9
2875,4
2876,5
2877,8
2878,7
2879,7
2880,6
2881,7
2882,4
2883,8
2884,7
2885,9
2886,7
2887,5
2888,8
2889,7
2890,3
2891,7
2892,7
2893,2
2894,5
2895,4
2896,7
2897,2
2898,4
2899,7
2900,9
2901,4
2902,7
2903,6
2904,9
2905,7
2906,8
2907,1
2908,4
2909,0
2910,3
2911,1
2912,4
2913,0
2914,1
2915,0
2916,7
2917,2
2918,2
2919,6
2920,3
2921,4
2922,4
2923,7
2924,6
2925,9
2926,9
2927,2
2928,5
2929,1
2930,9
2931,4
2932,0
2933,0
2934,4
2935,6
2936,2
2937,8
2938,9
2939,5
2940,8
2941,0
2942,8
2943,2
2944,8
2945,0
2946,1
2947,4
2948,7
2949,2
2950,6
2951,8
2952,3
2953,8
2954,4
2955,4
2956,3
2957,3
2958,7
2959,8
2960,4
2961,4
2962,2
2963,0
2964,8
2965,9
2966,9
2967,7
2968,4
2969,4
2970,7
2971,5
2972,7
2973,6
2974,2
2975,0
2976,4
2977,9
2978,3
2979,8
2980,4
2981,9
2982,5
2983,0
2984,9
2985,4
2986,0
2987,9
2988,5
2989,9
2990,7
2991,4
2992,9
2993,4
2994,6
2995,8
2996,0
2997,0
2998,3
2999,7
3000,7
3001,9
3002,9
3003,6
3004,0
3005,7
3006,7
3007,8
3008,7
3009,6
3010,2
3011,1
3012,0
3013,0
3014,5
3015,8
3016,7
3017,9
3018,0
3019,8
3020,8
3021,1
3022,0
3023,0
3024,1
3025,9
3026,6
3027,7
3028,9
3029,1
3030,7
3031,4
3032,2
3033,7
3034,8
3035,4
3036,9
3037,9
3038,7
3039,0
3040,8
3041,1
3042,9
3043,7
3044,5
3045,0
3046,4
3047,4
3048,5
3049,3
3050,7
3051,7
3052,4
3053,7
3054,2
3055,6
3056,4
3057,3
3058,6
3059,3
3060,7
3061,8
3062,4
3063,4
3064,6
3065,9
3066,0
3067,8
3068,1
3069,7
3070,7
3071,0
3072,4
3073,3
3074,0
3075,6
3076,6
3077,2
3078,4
3079,4
3080,4
3081,9
3082,3
3083,4
3084,9
3085,8
3086,0
3087,7
3088,9
3089,3
3090,5
3091,2
3092,7
3093,7
3094,7
3095,1
3096,0
3097,1
3098,4
3099,8
3100,2
3101,9
3102,5
3103,7
3104,5
3105,7
3106,6
3107,0
3108,2
3109,1
3110,7
3111,2
3112,0
3113,0
3114,3
3115,8
3116,2
3117,8
3118,4
3119,2
3120,9
3121,1
3122,6
3123,6
3124,8
3125,8
3126,2
3127,9
3128,0
3129,2
3130,5
3131,0
3132,7
3133,5
3134,0
3135,3
3136,4
3137,0
3138,3
3139,5
3140,0
3141,6
3142,6
3143,8
3144,4
3145,0
3146,0
3147,4
3148,2
3149,4
3150,7
3151,8
3152,0
3153,4
3154,4
3155,2
3156,7
3157,9
3158,1
3159,6
3160,0
3161,9
3162,7
3163,0
3164,0
3165,9
3166,7
3167,3
3168,7
3169,2
3170,3
3171,0
3172,4
3173,0
3174,7
3175,8
3176,7
3177,4
3178,3
3179,9
3180,8
3181,1
3182,7
3183,3
3184,7
3185,7
3186,1
3187,7
3188,8
3189,6
3190,3
3191,7
3192,4
3193,3
3194,2
3195,7
3196,1
3197,7
3198,2
3199,9
3200,0
3201,1
3202,4
3203,9
3204,0
3205,2
3206,8
3207,9
3208,3
3209,0
3210,7
3211,2
3212,3
3213,7
3214,0
3215,5
3216,6
3217,4
3218,9
3219,3
3220,6
3221,9
3222,6
3223,7
3224,3
3225,1
3226,4
3227,3
3228,5
3229,8
3230,6
3231,6
3232,4
3233,4
3234,1
3235,4
3236,9
3237,2
3238,7
3239,7
3240,1
3241,9
3242,6
3243,0
3244,1
3245,0
3246,0
3247,2
3248,9
3249,2
3250,3
3251,3
3252,4
3253,0
3254,3
3255,7
3256,5
3257,8
3258,3
3259,4
3260,4
3261,0
3262,4
3263,7
3264,5
3265,4
3266,3
3267,9
3268,1
3269,9
3270,4
3271,4
3272,0
3273,0
3274,4
3275,8
3276,7
3277,8
3278,3
3279,2
3280,7
3281,7
3282,0
3283,1
3284,1
3285,9
3286,4
3287,4
3288,7
3289,8
3290,7
3291,2
3292,9
3293,0
3294,9
3295,5
3296,6
3297,4
3298,0
3299,9
3300,0
3301,7
3302,3
3303,4
3304,9
3305,7
3306,8
3307,9
3308,9
3309,7
3310,3
3311,6
3312,0
3313,2
3314,4
3315,2
3316,9
3317,4
3318,8
3319,4
3320,0
3321,5
3322,4
3323,7
3324,7
3325,7
3326,7
3327,7
3328,8
3329,7
3330,6
3331,5
3332,8
3333,4
3334,7
3335,7
3336,8
3337,7
3338,1
3339,3
3340,8
3341,7
3342,7
3343,7
3344,7
3345,0
3346,1
3347,9
3348,0
3349,8
3350,8
3351,4
3352,8
3353,8
3354,1
3355,8
3356,5
3357,9
3358,4
3359,2
3360,4
3361,4
3362,0
3363,1
3364,6
3365,4
3366,4
3367,2
3368,6
3369,1
3370,7
3371,5
3372,3
3373,9
3374,9
3375,7
3376,9
3377,9
3378,7
3379,8
3380,4
3381,2
3382,2
3383,7
3384,5
3385,7
3386,9
3387,7
3388,4
3389,0
3390,1
3391,4
3392,8
3393,4
3394,3
3395,0
3396,2
3397,6
3398,1
3399,9
3400,7
3401,4
3402,7
3403,4
3404,7
3405,4
3406,2
3407,9
3408,7
3409,7
3410,7
3411,1
3412,0
3413,7
3414,4
3415,4
3416,2
3417,8
3418,3
3419,6
3420,7
3421,7
3422,7
3423,0
3424,5
3425,4
3426,7
3427,8
3428,2
3429,8
3430,7
3431,6
3432,9
3433,3
3434,7
3435,9
3436,2
3437,9
3438,5
3439,4
3440,0
3441,9
3442,2
3443,7
3444,4
3445,2
3446,8
3447,0
3448,1
3449,0
3450,3
3451,7
3452,7
3453,2
3454,3
3455,5
3456,0
3457,9
3458,2
3459,3
3460,7
3461,1
3462,4
3463,6
3464,2
3465,8
3466,6
3467,3
3468,0
3469,4
3470,7
3471,7
3472,9
3473,4
3474,3
3475,7
3476,9
3477,3
3478,8
3479,8
3480,4
3481,0
3482,0
3483,8
3484,8
3485,4
3486,1
3487,4
3488,8
3489,6
3490,6
3491,2
3492,0
3493,7
3494,3
3495,7
3496,3
3497,6
3498,9
3499,9
3500,4
3501,7
3502,7
3503,3
3504,6
3505,9
3506,1
3507,4
3508,3
3509,9
3510,4
3511,0
3512,1
3513,7
3514,0
3515,6
3516,1
3517,7
3518,0
3519,7
3520,8
3521,6
3522,4
3523,5
3524,0
3525,2
3526,7
3527,9
3528,7
3529,0
3530,4
3531,3
3532,4
3533,7
3534,2
3535,8
3536,2
3537,3
3538,7
3539,0
3540,9
3541,2
3542,4
3543,2
3544,2
3545,7
3546,6
3547,4
3548,3
3549,2
3550,1
3551,9
3552,0
3553,3
3554,0
3555,0
3556,7
3557,9
3558,1
3559,4
3560,9
3561,6
3562,7
3563,9
3564,5
3565,5
3566,9
3567,6
3568,7
3569,7
3570,7
3571,8
3572,7
3573,7
3574,9
3575,2
3576,7
3577,5
3578,7
3579,8
3580,0
3581,0
3582,3
3583,8
3584,7
3585,2
3586,6
3587,0
3588,5
3589,2
3590,9
3591,1
3592,6
3593,1
3594,2
3595,0
3596,4
3597,7
3598,5
3599,3
3600,4
3601,9
3602,9
3603,3
3604,9
3605,3
3606,6
3607,4
3608,4
3609,6
3610,1
3611,8
3612,4
3613,7
3614,7
3615,1
3616,6
3617,5
3618,4
3619,3
3620,8
3621,3
3622,3
3623,7
3624,2
3625,7
3626,7
3627,9
3628,4
3629,2
3630,8
3631,8
3632,8
3633,2
3634,7
3635,7
3636,7
3637,4
3638,0
3639,7
3640,9
3641,8
3642,8
3643,9
3644,8
3645,0
3646,9
3647,5
3648,2
3649,3
3650,2
3651,9
3652,5
3653,4
3654,6
3655,7
3656,8
3657,4
3658,9
3659,9
3660,0
3661,2
3662,5
3663,2
3664,1
3665,7
3666,4
3667,2
3668,4
3669,1
3670,2
3671,0
3672,7
3673,7
3674,5
3675,3
3676,0
3677,5
3678,4
3679,7
3680,8
3681,0
3682,7
3683,2
3684,0
3685,9
3686,7
3687,7
3688,3
3689,9
3690,6
3691,1
3692,5
3693,3
3694,6
3695,9
3696,7
3697,7
3698,6
3699,9
3700,9
3701,9
3702,7
3703,1
3704,0
3705,2
3706,9
3707,5
3708,7
3709,7
3710,0
3711,9
3712,4
3713,4
3714,9
3715,1
3716,6
3717,3
3718,0
3719,8
3720,8
3721,2
3722,7
3723,8
3724,2
3725,3
3726,7
3727,7
3728,9
3729,0
3730,2
3731,7
3732,4
3733,4
3734,7
3735,9
3736,7
3737,3
3738,8
3739,2
3740,7
3741,7
3742,4
3743,0
3744,7
3745,9
3746,7
3747,7
3748,9
3749,2
3750,8
3751,5
3752,9
3753,9
3754,2
3755,0
3756,7
3757,8
3758,7
3759,9
3760,5
3761,8
3762,9
3763,4
3764,0
3765,2
3766,1
3767,4
3768,3
3769,7
3770,2
3771,7
3772,2
3773,8
3774,7
3775,9
3776,3
3777,9
3778,7
3779,9
3780,8
3781,8
3782,0
3783,5
3784,9
3785,3
3786,9
3787,9
3788,5
3789,7
3790,7
3791,8
3792,7
3793,5
3794,7
3795,0
3796,7
3797,6
3798,7
3799,4
3800,7
3801,8
3802,4
3803,9
3804,4
3805,2
3806,7
3807,8
3808,0
3809,7
3810,4
3811,7
3812,7
3813,3
3814,6
3815,0
3816,4
3817,5
3818,0
3819,9
3820,6
3821,2
3822,9
3823,9
3824,0
3825,7
3826,7
3827,0
3828,2
3829,4
3830,1
3831,5
3832,5
3833,8
3834,3
3835,7
3836,9
3837,8
3838,9
3839,7
3840,6
3841,7
3842,8
3843,9
3844,7
3845,2
3846,9
3847,7
3848,6
3849,8
3850,6
3851,9
3852,9
3853,7
3854,7
3855,0
3856,7
3857,8
3858,7
3859,4
3860,5
3861,1
3862,8
3863,7
3864,5
3865,0
3866,6
3867,7
3868,4
3869,1
3870,2
3871,9
3872,7
3873,9
3874,3
3875,5
3876,7
3877,2
3878,4
3879,0
3880,4
3881,9
3882,9
3883,1
3884,4
3885,1
3886,1
3887,6
3888,7
3889,2
3890,2
3891,1
3892,9
3893,5
3894,0
3895,1
3896,2
3897,5
3898,4
3899,7
3900,8
3901,7
3902,4
3903,4
3904,8
3905,7
3906,1
3907,4
3908,7
3909,7
3910,5
3911,9
3912,1
3913,4
3914,7
3915,8
3916,0
3917,4
3918,4
3919,6
3920,6
3921,1
3922,4
3923,1
3924,4
3925,2
3926,4
3927,7
3928,8
3929,8
3930,8
3931,7
3932,0
3933,4
3934,2
3935,4
3936,6
3937,4
3938,6
3939,7
3940,9
3941,5
3942,7
3943,5
3944,0
3945,4
3946,9
3947,7
3948,4
3949,6
3950,4
3951,5
3952,9
3953,3
3954,9
3955,9
3956,8
3957,1
3958,5
3959,0
3960,9
3961,7
3962,9
3963,9
3964,8
3965,9
3966,9
3967,4
3968,3
3969,4
3970,1
3971,1
3972,5
3973,4
3974,1
3975,2
3976,3
3977,6
3978,8
3979,9
3980,5
3981,4
3982,0
3983,7
3984,8
3985,9
3986,8
3987,7
3988,3
3989,7
3990,9
3991,6
3992,7
3993,0
3994,2
3995,6
3996,0
3997,7
3998,8
3999,4
4000,4
4001,1
4002,8
4003,8
4004,9
4005,6
4006,2
4007,0
4008,2
4009,7
4010,3
4011,0
4012,3
4013,6
4014,9
4015,2
4016,9
4017,4
4018,4
4019,0
4020,4
4021,8
4022,8
4023,6
4024,7
4025,6
4026,4
4027,5
4028,0
4029,9
4030,7
4031,6
4032,7
4033,9
4034,3
4035,8
4036,8
4037,0
4038,0
4039,1
4040,6
4041,0
4042,9
4043,9
4044,6
4045,2
4046,0
4047,0
4048,0
4049,7
4050,3
4051,6
4052,9
4053,1
4054,2
4055,0
4056,6
4057,8
4058,0
4059,3
4060,0
4061,4
4062,9
4063,5
4064,0
4065,2
4066,9
4067,4
4068,2
4069,7
4070,6
4071,0
4072,0
4073,8
4074,7
4075,0
4076,0
4077,6
4078,2
4079,8
4080,4
4081,5
4082,6
4083,1
4084,4
4085,0
4086,3
4087,7
4088,9
4089,7
4090,6
4091,4
4092,0
4093,7
4094,8
4095,7
4096,8
4097,8
4098,4
4099,8
4100,7
4101,8
4102,1
4103,6
4104,4
4105,1
4106,8
4107,4
4108,0
4109,7
4110,7
4111,5
4112,1
4113,7
4114,7
4115,8
4116,7
4117,5
4118,4
4119,2
4120,4
4121,6
4122,2
4123,9
4124,5
4125,1
4126,2
4127,2
4128,5
4129,9
4130,8
4131,7
4132,3
4133,9
4134,6
4135,9
4136,0
4137,3
4138,9
4139,5
4140,8
4141,1
4142,9
4143,0
4144,0
4145,6
4146,9
4147,4
4148,8
4149,4
4150,7
4151,4
4152,7
4153,7
4154,7
4155,7
4156,0
4157,4
4158,4
4159,0
4160,3
4161,4
4162,3
4163,9
4164,5
4165,3
4166,8
4167,8
4168,7
4169,0
4170,2
4171,2
4172,9
4173,3
4174,6
4175,0
4176,3
4177,0
4178,0
4179,6
4180,6
4181,8
4182,2
4183,0
4184,6
4185,1
4186,0
4187,9
4188,6
4189,2
4190,6
4191,7
4192,4
4193,0
4194,1
4195,4
4196,9
4197,0
4198,0
4199,4
4200,5
4201,4
4202,0
4203,3
4204,3
4205,7
4206,7
4207,1
4208,7
4209,0
4210,3
4211,9
4212,5
4213,4
4214,8
4215,4
4216,4
4217,7
4218,2
4219,6
4220,2
4221,1
4222,0
4223,9
4224,7
4225,8
4226,1
4227,6
4228,4
4229,9
4230,3
4231,9
4232,1
4233,9
4234,0
4235,7
4236,7
4237,0
4238,2
4239,2
4240,3
4241,9
4242,7
4243,4
4244,9
4245,8
4246,6
4247,3
4248,6
4249,0
4250,5
4251,7
4252,0
4253,4
4254,4
4255,4
4256,7
4257,7
4258,8
4259,6
4260,4
4261,4
4262,8
4263,7
4264,9
4265,7
4266,9
4267,1
4268,8
4269,7
4270,7
4271,6
4272,1
4273,8
4274,4
4275,4
4276,9
4277,5
4278,4
4279,4
4280,2
4281,6
4282,4
4283,9
4284,4
4285,2
4286,4
4287,8
4288,0
4289,2
4290,9
4291,6
4292,7
4293,8
4294,7
4295,0
4296,3
4297,0
4298,8
4299,6
4300,8
4301,6
4302,7
4303,4
4304,4
4305,8
4306,9
4307,8
4308,6
4309,4
4310,4
4311,3
4312,2
4313,6
4314,8
4315,0
4316,9
4317,9
4318,9
4319,9
4320,7
4321,7
4322,9
4323,9
4324,7
4325,9
4326,0
4327,9
4328,5
4329,7
4330,9
4331,4
4332,6
4333,7
4334,9
4335,3
4336,6
4337,6
4338,0
4339,1
4340,8
4341,2
4342,4
4343,3
4344,6
4345,7
4346,6
4347,1
4348,3
4349,9
4350,7
4351,8
4352,9
4353,4
4354,1
4355,7
4356,0
4357,9
4358,6
4359,9
4360,7
4361,4
4362,7
4363,9
4364,0
4365,4
4366,6
4367,4
4368,4
4369,3
4370,2
4371,6
4372,3
4373,7
4374,5
4375,2
4376,8
4377,2
4378,0
4379,0
4380,7
4381,7
4382,7
4383,3
4384,4
4385,8
4386,1
4387,8
4388,7
4389,5
4390,0
4391,7
4392,7
4393,3
4394,8
4395,5
4396,6
4397,0
4398,6
4399,7
4400,6
4401,6
4402,6
4403,9
4404,0
4405,4
4406,8
4407,9
4408,0
4409,9
4410,6
4411,8
4412,4
4413,4
4414,4
4415,9
4416,0
4417,8
4418,9
4419,3
4420,9
4421,4
4422,7
4423,9
4424,9
4425,5
4426,5
4427,0
4428,1
4429,7
4430,9
4431,5
4432,9
4433,0
4434,1
4435,1
4436,5
4437,9
4438,9
4439,9
4440,9
4441,4
4442,5
4443,9
4444,6
4445,6
4446,0
4447,1
4448,3
4449,7
4450,7
4451,4
4452,0
4453,7
4454,0
4455,7
4456,6
4457,9
4458,6
4459,4
4460,7
4461,1
4462,3
4463,5
4464,1
4465,0
4466,4
4467,4
4468,1
4469,7
4470,4
4471,9
4472,7
4473,8
4474,0
4475,5
4476,7
4477,5
4478,7
4479,7
4480,8
4481,1
4482,2
4483,8
4484,9
4485,9
4486,4
4487,7
4488,4
4489,4
4490,7
4491,4
4492,0
4493,9
4494,8
4495,1
4496,9
4497,9
4498,8
4499,2
4500,7
4501,6
4502,0
4503,6
4504,7
4505,7
4506,3
4507,8
4508,1
4509,7
4510,4
4511,8
4512,9
4513,0
4514,7
4515,9
4516,4
4517,5
4518,1
4519,3
4520,9
4521,4
4522,8
4523,7
4524,7
4525,3
4526,6
4527,6
4528,5
4529,6
4530,8
4531,4
4532,7
4533,5
4534,1
4535,1
4536,6
4537,9
4538,5
4539,4
4540,5
4541,4
4542,4
4543,0
4544,7
4545,6
4546,2
4547,0
4548,1
4549,1
4550,9
4551,5
4552,0
4553,1
4554,7
4555,8
4556,5
4557,0
4558,7
4559,5
4560,7
4561,8
4562,9
4563,6
4564,0
4565,0
4566,5
4567,7
4568,7
4569,9
4570,9
4571,0
4572,9
4573,7
4574,7
4575,8
4576,0
4577,9
4578,9
4579,4
4580,4
4581,0
4582,4
4583,0
4584,9
4585,9
4586,4
4587,5
4588,7
4589,0
4590,8
4591,9
4592,5
4593,0
4594,1
4595,5
4596,8
4597,9
4598,8
4599,3
4600,4
4601,7
4602,2
4603,0
4604,9
4605,7
4606,1
4607,6
4608,7
4609,6
4610,7
4611,5
4612,6
4613,4
4614,8
4615,0
4616,6
4617,7
4618,0
4619,9
4620,6
4621,4
4622,7
4623,4
4624,9
4625,9
4626,1
4627,4
4628,9
4629,7
4630,9
4631,7
4632,3
4633,7
4634,8
4635,1
4636,7
4637,7
4638,8
4639,6
4640,9
4641,4
4642,6
4643,8
4644,8
4645,7
4646,1
4647,4
4648,1
4649,4
4650,2
4651,9
4652,2
4653,7
4654,9
4655,9
4656,4
4657,6
4658,7
4659,0
4660,6
4661,8
4662,9
4663,4
4664,1
4665,4
4666,6
4667,2
4668,7
4669,3
4670,9
4671,6
4672,9
4673,9
4674,1
4675,7
4676,3
4677,5
4678,2
4679,7
4680,0
4681,4
4682,1
4683,3
4684,7
4685,7
4686,0
4687,1
4688,4
4689,7
4690,0
4691,9
4692,1
4693,0
4694,0
4695,9
4696,7
4697,2
4698,8
4699,2
4700,9
4701,3
4702,7
4703,7
4704,1
4705,4
4706,0
4707,9
4708,7
4709,7
4710,0
4711,5
4712,4
4713,7
4714,7
4715,7
4716,4
4717,1
4718,3
4719,7
4720,6
4721,1
4722,7
4723,9
4724,3
4725,2
4726,6
4727,1
4728,4
4729,0
4730,2
4731,7
4732,7
4733,3
4734,8
4735,0
4736,4
4737,7
4738,4
4739,1
4740,5
4741,6
4742,7
4743,0
4744,0
4745,0
4746,5
4747,5
4748,7
4749,9
4750,5
4751,5
4752,3
4753,6
4754,7
4755,4
4756,7
4757,7
4758,0
4759,7
4760,7
4761,6
4762,4
4763,7
4764,8
4765,7
4766,4
4767,4
4768,0
4769,0
4770,6
4771,4
4772,3
4773,7
4774,7
4775,7
4776,0
4777,6
4778,4
4779,7
4780,7
4781,0
4782,9
4783,2
4784,9
4785,1
4786,7
4787,9
4788,4
4789,5
4790,6
4791,9
4792,9
4793,6
4794,1
4795,2
4796,8
4797,4
4798,4
4799,1
4800,0
4801,7
4802,8
4803,9
4804,7
4805,9
4806,5
4807,9
4808,7
4809,8
4810,6
4811,6
4812,7
4813,5
4814,4
4815,7
4816,7
4817,2
4818,3
4819,4
4820,7
4821,6
4822,7
4823,8
4824,8
4825,0
4826,9
4827,1
4828,8
4829,0
4830,6
4831,9
4832,7
4833,4
4834,9
4835,8
4836,6
4837,2
4838,3
4839,2
4840,6
4841,0
4842,7
4843,9
4844,2
4845,0
4846,0
4847,6
4848,2
4849,1
4850,8
4851,2
4852,4
4853,9
4854,8
4855,6
4856,6
4857,1
4858,9
4859,2
4860,9
4861,7
4862,3
4863,7
4864,4
4865,7
4866,8
4867,9
4868,7
4869,7
4870,8
4871,5
4872,1
4873,8
4874,9
4875,7
4876,6
4877,8
4878,5
4879,9
4880,0
4881,2
4882,7
4883,9
4884,4
4885,2
4886,0
4887,9
4888,4
4889,2
4890,1
4891,9
4892,2
4893,8
4894,5
4895,4
4896,3
4897,4
4898,9
4899,4
4900,0
4901,2
4902,8
4903,4
4904,7
4905,5
4906,7
4907,5
4908,0
4909,9
4910,2
4911,4
4912,4
4913,7
4914,0
4915,3
4916,4
4917,8
4918,7
4919,7
4920,6
4921,8
4922,2
4923,9
4924,4
4925,7
4926,6
4927,0
4928,2
4929,7
4930,3
4931,1
4932,4
4933,9
4934,7
4935,4
4936,6
4937,7
4938,2
4939,3
4940,5
4941,4
4942,5
4943,9
4944,7
4945,0
4946,6
4947,4
4948,9
4949,9
4950,4
4951,7
4952,2
4953,1
4954,3
4955,6
4956,7
4957,8
4958,8
4959,4
4960,2
4961,1
4962,4
4963,5
4964,9
4965,9
4966,8
4967,1
4968,7
4969,6
4970,7
4971,1
4972,4
4973,7
4974,7
4975,0
4976,7
4977,6
4978,9
4979,1
4980,4
4981,4
4982,0
4983,4
4984,7
4985,7
4986,9
4987,0
4988,3
4989,1
4990,7
4991,4
4992,1
4993,4
4994,2
4995,9
4996,2
4997,6
4998,3
4999,7
5000,2
5001,8
5002,4
5003,7
5004,8
5005,8
5006,6
5007,3
5008,5
5009,7
5010,4
5011,3
5012,4
5013,3
5014,9
5015,9
5016,9
5017,0
5018,9
5019,1
5020,5
5021,9
5022,7
5023,2
5024,1
5025,6
5026,4
5027,9
5028,9
5029,9
5030,2
5031,7
5032,7
5033,8
5034,0
5035,3
5036,0
5037,3
5038,6
5039,8
5040,7
5041,4
5042,6
5043,9
5044,7
5045,4
5046,0
5047,8
5048,0
5049,2
5050,4
5051,7
5052,7
5053,1
5054,7
5055,3
5056,7
5057,8
5058,7
5059,4
5060,4
5061,1
5062,6
5063,7
5064,7
5065,9
5066,1
5067,7
5068,7
5069,7
5070,9
5071,4
5072,2
5073,7
5074,4
5075,6
5076,3
5077,7
5078,0
5079,7
5080,7
5081,3
5082,2
5083,0
5084,6
5085,7
5086,5
5087,9
5088,5
5089,1
5090,0
5091,4
5092,7
5093,7
5094,4
5095,0
5096,6
5097,3
5098,0
5099,0
5100,2
5101,3
5102,8
5103,1
5104,3
5105,9
5106,8
5107,4
5108,4
5109,7
5110,4
5111,7
5112,9
5113,9
5114,7
5115,7
5116,7
5117,4
5118,3
5119,9
5120,7
5121,6
5122,5
5123,6
5124,9
5125,9
5126,4
5127,4
5128,1
5129,6
5130,7
5131,1
5132,0
5133,9
5134,2
5135,0
5136,5
5137,0
5138,3
5139,0
5140,7
5141,9
5142,4
5143,0
5144,0
5145,8
5146,7
5147,7
5148,5
5149,0
5150,9
5151,7
5152,8
5153,5
5154,9
5155,4
5156,8
5157,3
5158,3
5159,5
5160,4
5161,0
5162,9
5163,6
5164,9
5165,0
5166,4
5167,9
5168,2
5169,4
5170,8
5171,6
5172,9
5173,7
5174,9
5175,7
5176,1
5177,6
5178,0
5179,5
5180,7
5181,7
5182,7
5183,6
5184,4
5185,7
5186,0
5187,9
5188,1
5189,8
5190,7
5191,1
5192,7
5193,5
5194,9
5195,9
5196,5
5197,9
5198,4
5199,6
5200,6
5201,6
5202,4
5203,3
5204,4
5205,9
5206,5
5207,4
5208,9
5209,9
5210,0
5211,0
5212,0
5213,6
5214,7
5215,2
5216,6
5217,7
5218,0
5219,7
5220,3
5221,8
5222,7
5223,7
5224,4
5225,7
5226,2
5227,2
5228,2
5229,4
5230,4
5231,9
5232,7
5233,4
5234,8
5235,2
5236,6
5237,4
5238,4
5239,7
5240,2
5241,9
5242,7
5243,7
5244,4
5245,8
5246,2
5247,4
5248,7
5249,7
5250,9
5251,1
5252,6
5253,7
5254,1
5255,3
5256,1
5257,7
5258,9
5259,3
5260,0
5261,4
5262,9
5263,0
5264,2
5265,7
5266,5
5267,9
5268,0
5269,4
5270,0
5271,0
5272,7
5273,7
5274,9
5275,7
5276,0
5277,7
5278,8
5279,2
5280,9
5281,4
5282,7
5283,7
5284,0
5285,7
5286,8
5287,4
5288,0
5289,7
5290,2
5291,9
5292,8
5293,0
5294,7
5295,9
5296,1
5297,9
5298,1
5299,8
5300,7
5301,7
5302,4
5303,7
5304,0
5305,8
5306,6
5307,4
5308,9
5309,6
5310,6
5311,7
5312,7
5313,7
5314,8
5315,9
5316,4
5317,3
5318,7
5319,8
5320,9
5321,3
5322,5
5323,2
5324,2
5325,1
5326,8
5327,2
5328,9
5329,9
5330,4
5331,9
5332,0
5333,6
5334,9
5335,6
5336,5
5337,3
5338,7
5339,3
5340,0
5341,3
5342,8
5343,9
5344,7
5345,0
5346,4
5347,1
5348,9
5349,8
5350,1
5351,4
5352,7
5353,1
5354,7
5355,9
5356,1
5357,9
5358,3
5359,7
5360,4
5361,3
5362,7
5363,7
5364,3
5365,1
5366,4
5367,2
5368,7
5369,9
5370,0
5371,9
5372,7
5373,7
5374,7
5375,2
5376,7
5377,7
5378,8
5379,2
5380,9
5381,3
5382,5
5383,9
5384,4
5385,9
5386,9
5387,6
5388,2
5389,8
5390,0
5391,4
5392,2
5393,4
5394,6
5395,4
5396,3
5397,4
5398,7
5399,9
5400,2
5401,7
5402,9
5403,4
5404,7
5405,0
5406,7
5407,7
5408,2
5409,2
5410,7
5411,7
5412,0
5413,0
5414,4
5415,5
5416,6
5417,3
5418,6
5419,1
5420,9
5421,7
5422,7
5423,2
5424,7
5425,4
5426,6
5427,1
5428,4
5429,8
5430,0
5431,5
5432,2
5433,7
5434,4
5435,7
5436,9
5437,4
5438,8
5439,8
5440,3
5441,4
5442,5
5443,2
5444,7
5445,7
5446,9
5447,6
5448,2
5449,7
5450,1
5451,9
5452,4
5453,3
5454,9
5455,1
5456,7
5457,1
5458,7
5459,9
5460,1
5461,5
5462,6
5463,5
5464,7
5465,9
5466,0
5467,8
5468,1
5469,9
5470,4
5471,0
5472,0
5473,7
5474,7
5475,6
5476,9
5477,1
5478,7
5479,3
5480,9
5481,7
5482,0
5483,3
5484,6
5485,9
5486,8
5487,3
5488,8
5489,1
5490,9
5491,8
5492,0
5493,1
5494,9
5495,1
5496,7
5497,8
5498,1
5499,3
5500,8
5501,9
5502,2
5503,0
5504,4
5505,7
5506,7
5507,7
5508,0
5509,7
5510,9
5511,3
5512,9
5513,3
5514,4
5515,1
5516,9
5517,7
5518,0
5519,2
5520,2
5521,9
5522,2
5523,3
5524,4
5525,4
5526,7
5527,9
5528,0
5529,8
5530,7
5531,5
5532,9
5533,1
5534,6
5535,2
5536,4
5537,4
5538,0
5539,7
5540,8
5541,6
5542,2
5543,4
5544,7
5545,7
5546,4
5547,8
5548,8
5549,6
5550,5
5551,3
5552,7
5553,4
5554,2
5555,6
5556,8
5557,7
5558,7
5559,0
5560,8
5561,6
5562,5
5563,1
5564,0
5565,9
5566,9
5567,5
5568,3
5569,4
5570,7
5571,8
5572,7
5573,1
5574,7
5575,3
5576,7
5577,9
5578,4
5579,9
5580,7
5581,1
5582,9
5583,2
5584,9
5585,9
5586,6
5587,7
5588,7
5589,9
5590,7
5591,9
5592,4
5593,7
5594,7
5595,0
5596,7
5597,5
5598,4
5599,4
5600,0
5601,9
5602,0
5603,3
5604,6
5605,6
5606,4
5607,3
5608,6
5609,7
5610,7
5611,8
5612,4
5613,8
5614,2
5615,4
5616,7
5617,7
5618,2
5619,3
5620,4
5621,5
5622,5
5623,7
5624,8
5625,3
5626,4
5627,2
5628,1
5629,9
5630,8
5631,4
5632,8
5633,9
5634,7
5635,7
5636,8
5637,7
5638,9
5639,1
5640,2
5641,1
5642,4
5643,7
5644,7
5645,4
5646,0
5647,1
5648,3
5649,7
5650,4
5651,7
5652,9
5653,6
5654,7
5655,6
5656,0
5657,4
5658,2
5659,9
5660,2
5661,4
5662,2
5663,0
5664,0
5665,7
5666,7
5667,9
5668,0
5669,9
5670,5
5671,8
5672,9
5673,7
5674,1
5675,9
5676,3
5677,2
5678,7
5679,4
5680,0
5681,2
5682,2
5683,7
5684,3
5685,7
5686,8
5687,2
5688,8
5689,4
5690,7
5691,0
5692,9
5693,5
5694,2
5695,4
5696,7
5697,4
5698,9
5699,4
5700,4
5701,7
5702,9
5703,4
5704,5
5705,6
5706,9
5707,0
5708,6
5709,7
5710,0
5711,7
5712,7
5713,6
5714,9
5715,8
5716,4
5717,2
5718,9
5719,8
5720,7
5721,7
5722,9
5723,0
5724,5
5725,0
5726,9
5727,8
5728,6
5729,0
5730,2
5731,0
5732,7
5733,6
5734,7
5735,8
5736,8
5737,6
5738,5
5739,7
5740,4
5741,4
5742,8
5743,6
5744,8
5745,4
5746,4
5747,4
5748,9
5749,5
5750,4
5751,0
5752,7
5753,8
5754,3
5755,5
5756,0
5757,6
5758,7
5759,0
5760,8
5761,0
5762,7
5763,9
5764,8
5765,2
5766,0
5767,7
5768,4
5769,4
5770,2
5771,6
5772,1
5773,0
5774,4
5775,1
5776,0
5777,1
5778,6
5779,0
5780,4
5781,9
5782,9
5783,1
5784,4
5785,2
5786,5
5787,7
5788,1
5789,2
5790,1
5791,7
5792,2
5793,8
5794,7
5795,0
5796,9
5797,7
5798,7
5799,2
5800,6
5801,4
5802,3
5803,9
5804,7
5805,2
5806,9
5807,4
5808,2
5809,8
5810,7
5811,0
5812,2
5813,7
5814,3
5815,4
5816,6
5817,8
5818,7
5819,0
5820,0
5821,7
5822,3
5823,4
5824,5
5825,4
5826,8
5827,7
5828,0
5829,9
5830,2
5831,3
5832,0
5833,6
5834,9
5835,7
5836,4
5837,2
5838,4
5839,4
5840,1
5841,2
5842,6
5843,7
5844,9
5845,4
5846,3
5847,2
5848,9
5849,8
5850,9
5851,3
5852,9
5853,4
5854,9
5855,4
5856,4
5857,3
5858,0
5859,9
5860,0
5861,8
5862,4
5863,9
5864,9
5865,7
5866,7
5867,4
5868,7
5869,1
5870,9
5871,9
5872,0
5873,7
5874,6
5875,1
5876,7
5877,7
5878,2
5879,0
5880,9
5881,7
5882,9
5883,9
5884,4
5885,3
5886,7
5887,7
5888,7
5889,6
5890,9
5891,5
5892,6
5893,2
5894,0
5895,0
5896,8
5897,2
5898,4
5899,1
5900,3
5901,2
5902,9
5903,2
5904,5
5905,6
5906,4
5907,3
5908,7
5909,0
5910,7
5911,7
5912,2
5913,7
5914,4
5915,2
5916,3
5917,1
5918,8
5919,8
5920,9
5921,0
5922,7
5923,4
5924,9
5925,6
5926,7
5927,4
5928,4
5929,9
5930,2
5931,3
5932,6
5933,9
5934,6
5935,5
5936,6
5937,8
5938,6
5939,7
5940,1
5941,0
5942,8
5943,7
5944,0
5945,7
5946,7
5947,8
5948,0
5949,4
5950,7
5951,4
5952,3
5953,6
5954,8
5955,7
5956,9
5957,5
5958,7
5959,5
5960,7
5961,0
5962,0
5963,1
5964,7
5965,9
5966,7
5967,7
5968,4
5969,1
5970,9
5971,6
5972,3
5973,2
5974,2
5975,0
5976,3
5977,7
5978,5
5979,4
5980,0
5981,9
5982,8
5983,7
5984,4
5985,8
5986,1
5987,9
5988,4
5989,7
5990,8
5991,6
5992,0
5993,9
5994,0
5995,9
5996,7
5997,7
5998,2
5999,0
6000,6
6001,9
6002,6
6003,3
6004,0
6005,0
6006,7
6007,2
6008,3
6009,9
6010,2
6011,8
6012,9
6013,0
6014,9
6015,8
6016,8
6017,5
6018,4
6019,7
6020,9
6021,9
6022,9
6023,9
6024,7
6025,6
6026,9
6027,9
6028,3
6029,4
6030,7
6031,9
6032,9
6033,1
6034,9
6035,6
6036,3
6037,7
6038,9
6039,6
6040,2
6041,7
6042,9
6043,7
6044,8
6045,6
6046,2
6047,9
6048,6
6049,4
6050,1
6051,9
6052,5
6053,2
6054,9
6055,0
6056,8
6057,4
6058,1
6059,9
6060,9
6061,9
6062,6
6063,5
6064,2
6065,4
6066,0
6067,3
6068,4
6069,7
6070,7
6071,4
6072,1
6073,2
6074,0
6075,4
6076,7
6077,7
6078,9
6079,2
6080,6
6081,6
6082,6
6083,5
6084,4
6085,5
6086,3
6087,8
6088,9
6089,3
6090,7
6091,7
6092,4
6093,4
6094,0
6095,1
6096,4
6097,4
6098,8
6099,6
6100,4
6101,4
6102,9
6103,2
6104,0
6105,8
6106,4
6107,2
6108,4
6109,0
6110,8
6111,9
6112,8
6113,0
6114,9
6115,4
6116,2
6117,7
6118,6
6119,4
6120,3
6121,6
6122,7
6123,9
6124,2
6125,8
6126,7
6127,8
6128,4
6129,6
6130,6
6131,2
6132,4
6133,9
6134,0
6135,6
6136,5
6137,3
6138,6
6139,2
6140,0
6141,5
6142,4
6143,7
6144,9
6145,4
6146,7
6147,2
6148,8
6149,6
6150,4
6151,4
6152,8
6153,4
6154,9
6155,7
6156,0
6157,8
6158,8
6159,1
6160,0
6161,0
6162,4
6163,4
6164,2
6165,4
6166,5
6167,4
6168,6
6169,0
6170,6
6171,8
6172,1
6173,7
6174,7
6175,7
6176,0
6177,9
6178,7
6179,8
6180,8
6181,8
6182,9
6183,0
6184,2
6185,6
6186,7
6187,0
6188,0
6189,9
6190,0
6191,4
6192,4
6193,8
6194,7
6195,1
6196,7
6197,5
6198,9
6199,0
6200,2
6201,8
6202,2
6203,9
6204,0
6205,2
6206,4
6207,9
6208,3
6209,8
6210,2
6211,8
6212,7
6213,6
6214,2
6215,7
6216,7
6217,7
6218,8
6219,6
6220,4
6221,0
6222,1
6223,7
6224,3
6225,5
6226,6
6227,7
6228,3
6229,7
6230,2
6231,5
6232,1
6233,4
6234,0
6235,0
6236,0
6237,2
6238,0
6239,2
6240,7
6241,0
6242,9
6243,9
6244,5
6245,1
6246,7
6247,7
6248,6
6249,2
6250,9
6251,8
6252,9
6253,7
6254,0
6255,4
6256,4
6257,8
6258,7
6259,0
6260,3
6261,9
6262,0
6263,4
6264,0
6265,6
6266,0
6267,0
6268,1
6269,6
6270,4
6271,0
6272,4
6273,4
6274,7
6275,9
6276,9
6277,7
6278,1
6279,7
6280,7
6281,1
6282,1
6283,8
6284,7
6285,7
6286,0
6287,9
6288,2
6289,2
6290,4
6291,1
6292,3
6293,1
6294,1
6295,9
6296,3
6297,9
6298,6
6299,9
6300,3
6301,7
6302,4
6303,9
6304,9
6305,2
6306,8
6307,1
6308,4
6309,5
6310,3
6311,2
6312,1
6313,7
6314,7
6315,7
6316,2
6317,7
6318,4
6319,0
6320,2
6321,3
6322,6
6323,7
6324,9
6325,8
6326,7
6327,8
6328,7
6329,7
6330,0
6331,2
6332,5
6333,9
6334,0
6335,6
6336,0
6337,8
6338,0
6339,2
6340,0
6341,3
6342,5
6343,8
6344,4
6345,2
6346,4
6347,4
6348,0
6349,0
6350,7
6351,3
6352,8
6353,2
6354,7
6355,4
6356,7
6357,2
6358,7
6359,7
6360,1
6361,4
6362,7
6363,9
6364,3
6365,7
6366,7
6367,7
6368,8
6369,0
6370,6
6371,4
6372,5
6373,4
6374,4
6375,3
6376,7
6377,3
6378,7
6379,4
6380,3
6381,6
6382,0
6383,4
6384,7
6385,7
6386,9
6387,9
6388,6
6389,6
6390,8
6391,8
6392,7
6393,2
6394,4
6395,4
6396,1
6397,7
6398,4
6399,0
6400,7
6401,0
6402,9
6403,7
6404,3
6405,0
6406,9
6407,4
6408,4
6409,7
6410,7
6411,3
6412,7
6413,4
6414,9
6415,4
6416,7
6417,4
6418,4
6419,9
6420,9
6421,9
6422,9
6423,2
6424,2
6425,0
6426,2
6427,6
6428,0
6429,7
6430,3
6431,7
6432,4
6433,2
6434,3
6435,0
6436,9
6437,7
6438,7
6439,7
6440,5
6441,7
6442,9
6443,7
6444,3
6445,8
6446,8
6447,9
6448,7
6449,8
6450,4
6451,3
6452,3
6453,9
6454,3
6455,7
6456,9
6457,3
6458,7
6459,6
6460,7
6461,7
6462,5
6463,4
6464,0
6465,3
6466,8
6467,3
6468,3
6469,2
6470,9
6471,9
6472,2
6473,9
6474,0
6475,2
6476,7
6477,6
6478,5
6479,4
6480,7
6481,9
6482,1
6483,6
6484,4
6485,0
6486,9
6487,5
6488,0
6489,4
6490,9
6491,0
6492,7
6493,8
6494,7
6495,0
6496,4
6497,7
6498,7
6499,7
6500,3
6501,4
6502,2
6503,7
6504,1
6505,3
6506,4
6507,7
6508,0
6509,9
6510,7
6511,7
6512,1
6513,4
6514,4
6515,9
6516,8
6517,8
6518,2
6519,7
6520,7
6521,9
6522,6
6523,8
6524,2
6525,7
6526,6
6527,2
6528,6
6529,0
6530,8
6531,2
6532,4
6533,8
6534,3
6535,2
6536,1
6537,9
6538,9
6539,8
6540,4
6541,7
6542,5
6543,4
6544,9
6545,2
6546,8
6547,4
6548,2
6549,4
6550,9
6551,3
6552,7
6553,7
6554,3
6555,6
6556,9
6557,4
6558,7
6559,9
6560,4
6561,1
6562,7
6563,6
6564,2
6565,2
6566,4
6567,1
6568,0
6569,8
6570,7
6571,7
6572,7
6573,9
6574,7
6575,9
6576,5
6577,6
6578,4
6579,7
6580,7
6581,2
6582,6
6583,9
6584,8
6585,9
6586,9
6587,6
6588,7
6589,3
6590,0
6591,6
6592,6
6593,6
6594,8
6595,2
6596,2
6597,8
6598,3
6599,7
6600,9
6601,6
6602,3
6603,4
6604,6
6605,9
6606,0
6607,7
6608,4
6609,6
6610,8
6611,9
6612,9
6613,7
6614,7
6615,8
6616,0
6617,4
6618,9
6619,4
6620,6
6621,7
6622,6
6623,4
6624,7
6625,7
6626,7
6627,8
6628,4
6629,2
6630,3
6631,7
6632,4
6633,4
6634,9
6635,7
6636,4
6637,9
6638,6
6639,8
6640,1
6641,4
6642,7
6643,6
6644,3
6645,8
6646,6
6647,5
6648,2
6649,9
6650,8
6651,4
6652,5
6653,4
6654,8
6655,7
6656,9
6657,6
6658,4
6659,4
6660,7
6661,9
6662,9
6663,6
6664,2
6665,7
6666,3
6667,9
6668,4
6669,7
6670,4
6671,6
6672,1
6673,9
6674,5
6675,9
6676,8
6677,8
6678,2
6679,2
6680,3
6681,6
6682,2
6683,3
6684,4
6685,4
6686,5
6687,8
6688,8
6689,2
6690,4
6691,7
6692,3
6693,2
6694,7
6695,6
6696,0
6697,7
6698,4
6699,9
6700,7
6701,4
6702,0
6703,9
6704,7
6705,7
6706,3
6707,5
6708,5
6709,7
6710,7
6711,7
6712,4
6713,2
6714,2
6715,2
6716,9
6717,0
6718,4
6719,0
6720,7
6721,4
6722,3
6723,7
6724,0
6725,7
6726,7
6727,6
6728,9
6729,8
6730,2
6731,1
6732,8
6733,6
6734,8
6735,3
6736,4
6737,6
6738,1
6739,0
6740,0
6741,8
6742,0
6743,5
6744,1
6745,4
6746,9
6747,2
6748,0
6749,7
6750,9
6751,0
6752,0
6753,3
6754,9
6755,6
6756,7
6757,9
6758,0
6759,1
6760,9
6761,7
6762,7
6763,7
6764,8
6765,9
6766,9
6767,7
6768,2
6769,4
6770,6
6771,1
6772,4
6773,1
6774,4
6775,2
6776,8
6777,6
6778,0
6779,9
6780,3
6781,8
6782,9
6783,3
6784,3
6785,3
6786,0
6787,9
6788,2
6789,7
6790,7
6791,8
6792,8
6793,4
6794,6
6795,3
6796,6
6797,4
6798,8
6799,3
6800,1
6801,4
6802,7
6803,2
6804,7
6805,4
6806,3
6807,4
6808,7
6809,0
6810,6
6811,7
6812,2
6813,1
6814,0
6815,2
6816,6
6817,7
6818,7
6819,5
6820,1
6821,4
6822,4
6823,7
6824,7
6825,4
6826,7
6827,9
6828,7
6829,3
6830,4
6831,6
6832,2
6833,7
6834,9
6835,1
6836,1
6837,4
6838,0
6839,5
6840,2
6841,2
6842,4
6843,8
6844,4
6845,8
6846,7
6847,5
6848,1
6849,4
6850,3
6851,7
6852,7
6853,0
6854,0
6855,9
6856,4
6857,8
6858,2
6859,8
6860,9
6861,3
6862,4
6863,2
6864,4
6865,1
6866,2
6867,8
6868,5
6869,3
6870,9
6871,7
6872,6
6873,4
6874,0
6875,3
6876,0
6877,2
6878,4
6879,9
6880,4
6881,7
6882,8
6883,8
6884,0
6885,7
6886,4
6887,5
6888,0
6889,7
6890,7
6891,8
6892,4
6893,7
6894,9
6895,0
6896,4
6897,2
6898,1
6899,7
6900,4
6901,2
6902,3
6903,4
6904,7
6905,8
6906,0
6907,9
6908,6
6909,5
6910,3
6911,9
6912,4
6913,9
6914,8
6915,7
6916,7
6917,7
6918,9
6919,0
6920,6
6921,2
6922,4
6923,6
6924,0
6925,3
6926,2
6927,7
6928,9
6929,0
6930,9
6931,7
6932,8
6933,5
6934,1
6935,3
6936,9
6937,3
6938,7
6939,3
6940,7
6941,7
6942,4
6943,0
6944,3
6945,6
6946,5
6947,9
6948,7
6949,0
6950,9
6951,8
6952,8
6953,6
6954,6
6955,6
6956,7
6957,7
6958,4
6959,8
6960,2
6961,2
6962,2
6963,6
6964,3
6965,7
6966,6
6967,7
6968,9
6969,7
6970,4
6971,9
6972,6
6973,6
6974,1
6975,0
6976,2
6977,2
6978,7
6979,7
6980,4
6981,2
6982,3
6983,7
6984,6
6985,0
6986,9
6987,4
6988,6
6989,0
6990,9
6991,8
6992,7
6993,6
6994,0
6995,8
6996,8
6997,6
6998,9
6999,4
7000,5
7001,6
7002,9
7003,9
7004,5
7005,2
7006,1
7007,2
7008,7
7009,5
7010,0
7011,9
7012,3
7013,6
7014,5
7015,7
7016,7
7017,0
7018,7
7019,7
7020,4
7021,8
7022,8
7023,4
7024,0
7025,6
7026,4
7027,2
7028,7
7029,8
7030,7
7031,1
7032,8
7033,6
7034,6
7035,4
7036,1
7037,8
7038,7
7039,6
7040,7
7041,9
7042,7
7043,1
7044,8
7045,4
7046,4
7047,9
7048,0
7049,8
7050,5
7051,4
7052,0
7053,8
7054,8
7055,9
7056,3
7057,6
7058,7
7059,9
7060,0
7061,6
7062,7
7063,8
7064,6
7065,9
7066,0
7067,8
7068,4
7069,6
7070,6
7071,6
7072,7
7073,0
7074,4
7075,8
7076,9
7077,7
7078,7
7079,3
7080,7
7081,1
7082,8
7083,0
7084,1
7085,7
7086,6
7087,4
7088,5
7089,9
7090,9
7091,8
7092,6
7093,8
7094,9
7095,4
7096,6
7097,5
7098,6
7099,6
7100,0
7101,2
7102,0
7103,8
7104,6
7105,8
7106,9
7107,5
7108,9
7109,8
7110,2
7111,3
7112,7
7113,4
7114,5
7115,1
7116,2
7117,9
7118,7
7119,7
7120,4
7121,2
7122,9
7123,2
7124,6
7125,8
7126,0
7127,0
7128,6
7129,0
7130,9
7131,3
7132,8
7133,0
7134,4
7135,9
7136,9
7137,4
7138,8
7139,7
7140,7
7141,1
7142,7
7143,0
7144,7
7145,4
7146,9
7147,2
7148,7
7149,1
7150,7
7151,1
7152,8
7153,9
7154,9
7155,9
7156,5
7157,9
7158,3
7159,9
7160,9
7161,1
7162,7
7163,3
7164,9
7165,8
7166,0
7167,1
7168,6
7169,3
7170,6
7171,8
7172,8
7173,9
7174,4
7175,7
7176,7
7177,7
7178,0
7179,8
7180,5
7181,8
7182,1
7183,5
7184,7
7185,9
7186,3
7187,8
7188,0
7189,4
7190,8
7191,4
7192,5
7193,9
7194,4
7195,6
7196,4
7197,7
7198,1
7199,0
7200,4
7201,4
7202,4
7203,2
7204,7
7205,9
7206,7
7207,4
7208,9
7209,5
7210,8
7211,7
7212,3
7213,4
7214,0
7215,1
7216,2
7217,9
7218,8
7219,6
7220,7
7221,4
7222,2
7223,6
7224,8
7225,7
7226,9
7227,2
7228,3
7229,2
7230,9
7231,8
7232,7
7233,3
7234,6
7235,7
7236,8
7237,7
7238,6
7239,0
7240,9
7241,3
7242,6
7243,1
7244,3
7245,7
7246,1
7247,7
7248,3
7249,9
7250,0
7251,8
7252,9
7253,6
7254,6
7255,6
7256,7
7257,9
7258,3
7259,7
7260,5
7261,4
7262,4
7263,7
7264,9
7265,4
7266,4
7267,1
7268,4
7269,3
7270,5
7271,0
7272,5
7273,7
7274,1
7275,7
7276,7
7277,9
7278,3
7279,1
7280,0
7281,0
7282,4
7283,4
7284,9
7285,7
7286,2
7287,3
7288,2
7289,5
7290,7
7291,3
7292,4
7293,2
7294,8
7295,5
7296,1
7297,6
7298,3
7299,8
7300,1
7301,9
7302,5
7303,8
7304,1
7305,2
7306,9
7307,0
7308,9
7309,6
7310,7
7311,4
7312,3
7313,2
7314,0
7315,0
7316,0
7317,7
7318,1
7319,7
7320,0
7321,4
7322,6
7323,4
7324,2
7325,6
7326,6
7327,7
7328,2
7329,4
7330,5
7331,8
7332,7
7333,3
7334,4
7335,6
7336,7
7337,4
7338,9
7339,2
7340,7
7341,7
7342,7
7343,0
7344,3
7345,7
7346,4
7347,4
7348,9
7349,6
7350,7
7351,1
7352,7
7353,6
7354,4
7355,4
7356,2
7357,4
7358,7
7359,4
7360,6
7361,8
7362,1
7363,2
7364,7
7365,9
7366,7
7367,6
7368,0
7369,7
7370,4
7371,7
7372,8
7373,7
7374,6
7375,1
7376,8
7377,4
7378,7
7379,4
7380,6
7381,7
7382,5
7383,6
7384,7
7385,2
7386,5
7387,9
7388,5
7389,4
7390,3
7391,2
7392,9
7393,0
7394,0
7395,1
7396,4
7397,7
7398,5
7399,7
7400,7
7401,7
7402,4
7403,8
7404,0
7405,7
7406,7
7407,7
7408,7
7409,9
7410,9
7411,6
7412,2
7413,9
7414,7
7415,0
7416,9
7417,8
7418,0
7419,1
7420,9
7421,7
7422,7
7423,9
7424,4
7425,2
7426,5
7427,0
7428,7
7429,3
7430,1
7431,8
7432,7
7433,5
7434,1
7435,9
7436,4
7437,9
7438,7
7439,6
7440,6
7441,8
7442,9
7443,8
7444,4
7445,7
7446,4
7447,4
7448,8
7449,3
7450,3
7451,0
7452,0
7453,7
7454,4
7455,8
7456,7
7457,0
7458,2
7459,8
7460,4
7461,9
7462,9
7463,0
7464,7
7465,9
7466,4
7467,7
7468,7
7469,9
7470,4
7471,6
7472,7
7473,9
7474,4
7475,7
7476,4
7477,9
7478,7
7479,0
7480,7
7481,7
7482,4
7483,5
7484,4
7485,1
7486,7
7487,9
7488,4
7489,0
7490,4
7491,0
7492,7
7493,6
7494,9
7495,9
7496,6
7497,1
7498,2
7499,8
7500,2
7501,8
7502,6
7503,6
7504,6
7505,7
7506,3
7507,4
7508,9
7509,9
7510,7
7511,9
7512,7
7513,5
7514,7
7515,4
7516,9
7517,6
7518,9
7519,8
7520,7
7521,8
7522,7
7523,0
7524,7
7525,4
7526,3
7527,4
7528,8
7529,2
7530,9
7531,9
7532,1
7533,1
7534,3
7535,7
7536,0
7537,9
7538,7
7539,7
7540,7
7541,1
7542,0
7543,4
7544,5
7545,4
7546,5
7547,4
7548,7
7549,8
7550,0
7551,8
7552,7
7553,6
7554,5
7555,7
7556,3
7557,0
7558,5
7559,5
7560,5
7561,5
7562,1
7563,1
7564,8
7565,7
7566,0
7567,1
7568,7
7569,2
7570,9
7571,8
7572,7
7573,4
7574,9
7575,7
7576,0
7577,7
7578,6
7579,7
7580,4
7581,4
7582,7
7583,7
7584,0
7585,4
7586,4
7587,1
7588,5
7589,5
7590,3
7591,8
7592,4
7593,4
7594,4
7595,4
7596,9
7597,7
7598,3
7599,2
7600,1
7601,9
7602,1
7603,4
7604,4
7605,4
7606,0
7607,7
7608,2
7609,8
7610,9
7611,4
7612,5
7613,3
7614,4
7615,7
7616,2
7617,7
7618,7
7619,4
7620,1
7621,2
7622,5
7623,3
7624,3
7625,5
7626,9
7627,3
7628,6
7629,2
7630,9
7631,2
7632,0
7633,9
7634,8
7635,2
7636,9
7637,4
7638,2
7639,2
7640,3
7641,7
7642,9
7643,0
7644,7
7645,1
7646,3
7647,3
7648,4
7649,6
7650,8
7651,1
7652,2
7653,1
7654,8
7655,9
7656,4
7657,8
7658,5
7659,0
7660,4
7661,0
7662,1
7663,7
7664,9
7665,7
7666,6
7667,8
7668,8
7669,4
7670,8
7671,0
7672,1
7673,4
7674,9
7675,4
7676,3
7677,7
7678,5
7679,5
7680,7
7681,4
7682,3
7683,9
7684,1
7685,7
7686,7
7687,9
7688,4
7689,5
7690,6
7691,7
7692,0
7693,6
7694,4
7695,3
7696,0
7697,2
7698,0
7699,2
7700,7
7701,1
7702,8
7703,2
7704,8
7705,2
7706,4
7707,8
7708,0
7709,1
7710,8
7711,3
7712,4
7713,9
7714,4
7715,7
7716,3
7717,5
7718,5
7719,5
7720,8
7721,5
7722,5
7723,7
7724,7
7725,8
7726,9
7727,6
7728,3
7729,0
7730,7
7731,3
7732,8
7733,9
7734,9
7735,9
7736,9
7737,3
7738,9
7739,0
7740,5
7741,2
7742,1
7743,7
7744,5
7745,3
7746,4
7747,0
7748,0
7749,9
7750,3
7751,1
7752,7
7753,4
7754,6
7755,1
7756,2
7757,2
7758,7
7759,9
7760,1
7761,5
7762,0
7763,7
7764,7
7765,0
7766,7
7767,7
7768,0
7769,5
7770,4
7771,6
7772,2
7773,8
7774,1
7775,7
7776,2
7777,9
7778,4
7779,9
7780,7
7781,7
7782,4
7783,6
7784,9
7785,1
7786,6
7787,6
7788,7
7789,4
7790,1
7791,7
7792,5
7793,6
7794,7
7795,9
7796,9
7797,9
7798,2
7799,4
7800,1
7801,0
7802,3
7803,3
7804,7
7805,2
7806,6
7807,3
7808,7
7809,8
7810,5
7811,9
7812,7
7813,0
7814,0
7815,7
7816,7
7817,1
7818,4
7819,7
7820,9
7821,5
7822,4
7823,8
7824,3
7825,7
7826,0
7827,6
7828,2
7829,8
7830,1
7831,7
7832,5
7833,9
7834,0
7835,3
7836,0
7837,7
7838,6
7839,2
7840,2
7841,5
7842,7
7843,2
7844,3
7845,3
7846,7
7847,2
7848,3
7849,7
7850,2
7851,4
7852,1
7853,8
7854,3
7855,6
7856,9
7857,0
7858,0
7859,2
7860,8
7861,4
7862,9
7863,2
7864,9
7865,9
7866,3
7867,9
7868,2
7869,1
7870,8
7871,4
7872,3
7873,8
7874,5
7875,1
7876,9
7877,1
7878,2
7879,7
7880,8
7881,2
7882,4
7883,7
7884,9
7885,2
7886,7
7887,2
7888,7
7889,9
7890,2
7891,0
7892,4
7893,4
7894,8
7895,4
7896,6
7897,9
7898,9
7899,3
7900,9
7901,4
7902,3
7903,5
7904,0
7905,3
7906,9
7907,0
7908,0
7909,4
7910,1
7911,2
7912,7
7913,7
7914,2
7915,4
7916,7
7917,1
7918,2
7919,4
7920,7
7921,3
7922,4
7923,0
7924,6
7925,2
7926,6
7927,9
7928,8
7929,2
7930,2
7931,2
7932,9
7933,7
7934,0
7935,7
7936,4
7937,9
7938,3
7939,7
7940,0
7941,0
7942,6
7943,7
7944,9
7945,8
7946,6
7947,7
7948,7
7949,2
7950,4
7951,2
7952,7
7953,2
7954,7
7955,3
7956,9
7957,6
7958,3
7959,7
7960,7
7961,6
7962,4
7963,1
7964,9
7965,4
7966,4
7967,0
7968,2
7969,4
7970,1
7971,4
7972,3
7973,0
7974,9
7975,0
7976,1
7977,6
7978,6
7979,0
7980,5
7981,7
7982,7
7983,4
7984,8
7985,4
7986,7
7987,7
7988,0
7989,4
7990,7
7991,0
7992,4
7993,4
7994,8
7995,9
7996,4
7997,9
7998,9
7999,4
